title_ID,knowledge_point
Question_VgKw8PjY1FR6cm2QI9XW,r8S3g
Question_q7OpB2zCMmW9wS8uNt3H,r8S3g
Question_fZrP3FJ4ebUogW9V7taS,r8S3g
Question_BW0ItEaymH3TkD6S15JF,r8S3g
Question_rvB9mVE6Kbd8jAY4NwPx,r8S3g
Question_3oPyUzDmQtcMfLpGZ0jW,t5V9e
Question_3MwAFlmNO8EKrpY5zjUd,t5V9e
Question_x2L7AqbMuTjCwPFy6vNr,t5V9e
Question_tgOjrpZLw4RdVzQx85h6,t5V9e
Question_s6VmP1G4UbEQWRYHK9Fd,t5V9e
Question_h7pXNg80nJbw1C4kAPRm,m3D1v
Question_6RQj2gF3OeK5AmDvThUV,m3D1v
Question_4nHcauCQ0Y6Pm8DgKlLo,m3D1v
Question_TmKaGvfNoXYq4FZ2JrBu,m3D1v
Question_NixCn84GdK2tySa5rB1V,m3D1v
Question_n2BTxIGw1Mc3Zo6RLdUe,m3D1v
Question_7NJzCXUPcvQF4Mkfh9Wr,m3D1v
Question_ZTbD7mxr2OUp8Fz6iNjy,m3D1v
Question_Jr4Wz5jLqmN01KUwHa7g,m3D1v
Question_QRm48lXxzdP7Tn1WgNOf,y9W5d
Question_QRm48lXxzdP7Tn1WgNOf,m3D1v
Question_pVKXjZn0BkSwYcsa7C31,y9W5d
Question_pVKXjZn0BkSwYcsa7C31,m3D1v
Question_Ej5mBw9rsOUKkFycGvz2,y9W5d
Question_lU2wvHSZq7m43xiVroBc,y9W5d
Question_lU2wvHSZq7m43xiVroBc,k4W1c
Question_Mh4CZIsrEfxkP1wXtOYV,y9W5d
Question_62XbhBvJ8NUSnApgDL94,y9W5d
Question_x2Fy7rZ3SwYl9jMQkpOD,y9W5d
Question_x2Fy7rZ3SwYl9jMQkpOD,s8Y2f
Question_UXqN1F7G3Sbldz02vZne,y9W5d
Question_Ou3f2Wt9BqExm5DpN7Zk,y9W5d
Question_Az73sM0rHfWVKuc4X2kL,y9W5d
Question_EhVPdmlB31M8WKGqL0wc,y9W5d
Question_oCjnFLbIs4Uxwek9rBpu,g7R2j
Question_oCjnFLbIs4Uxwek9rBpu,m3D1v
Question_5fgqjSBwTPG7KUV3it6O,g7R2j
Question_X3wF8QlTyi4mZkDp9Kae,g7R2j
Question_YWXHr4G6Cl7bEm9iF2kQ,g7R2j
Question_xqlJkmRaP0otZcX4fK3W,g7R2j
Question_bumGRTJ0c8p4v5D6eHZa,b3C9s
Question_hZ5wXofebmTlzKB1jNcP,b3C9s
Question_FNg8X9v5zcbB1tQrxHR3,b3C9s
